{
    "ababii": {
        "att_1": 80,
        "att_2": 100,
        "sem": 67.5,
        "sem_adj": 100,
        "lab": 50.0,
        "final": 82.5
    },
    "aculov": {
        "att_1": 0,
        "att_2": 0,
        "sem": 0,
        "sem_adj": 0,
        "lab": 0.0,
        "final": 0.0
    },
    "bitca": {
        "att_1": 0,
        "att_2": 0,
        "sem": 0,
        "sem_adj": 0,
        "lab": 0.0,
        "final": 0.0
    },
    "cabaniuc": {
        "att_1": 80,
        "att_2": 80,
        "sem": 50.0,
        "sem_adj": 65,
        "lab": 16.666666666666668,
        "final": 60.41666666666667
    },
    "chicu": {
        "att_1": 80,
        "att_2": 80,
        "sem": 57.5,
        "sem_adj": 80,
        "lab": 31.666666666666668,
        "final": 67.91666666666667
    },
    "cojuhari": {
        "att_1": 90,
        "att_2": 80,
        "sem": 85.0,
        "sem_adj": 100,
        "lab": 16.666666666666668,
        "final": 71.66666666666667
    },
    "colenov": {
        "att_1": 80,
        "att_2": 80,
        "sem": 65.0,
        "sem_adj": 80,
        "lab": 16.666666666666668,
        "final": 64.16666666666667
    },
    "coselev": {
        "att_1": 80,
        "att_2": 80,
        "sem": 57.5,
        "sem_adj": 65,
        "lab": 16.666666666666668,
        "final": 60.41666666666667
    },
    "cravet": {
        "att_1": 0,
        "att_2": 0,
        "sem": 0,
        "sem_adj": 0,
        "lab": 0.0,
        "final": 0.0
    },
    "ghies": {
        "att_1": 100,
        "att_2": 100,
        "sem": 100.0,
        "sem_adj": 100,
        "lab": 66.66666666666667,
        "final": 91.66666666666667
    },
    "lanetchii": {
        "att_1": 80,
        "att_2": 80,
        "sem": 80.0,
        "sem_adj": 100,
        "lab": 16.666666666666668,
        "final": 69.16666666666667
    },
    "laza": {
        "att_1": 80,
        "att_2": 90,
        "sem": 70.0,
        "sem_adj": 85,
        "lab": 31.666666666666668,
        "final": 71.66666666666667
    },
    "pascaluta": {
        "att_1": 0,
        "att_2": 0,
        "sem": 0,
        "sem_adj": 0,
        "lab": 0.0,
        "final": 0.0
    },
    "telpesov": {
        "att_1": 80,
        "att_2": 80,
        "sem": 50.0,
        "sem_adj": 80,
        "lab": 16.666666666666668,
        "final": 64.16666666666667
    },
    "bogaciov": {
        "att_1": 90,
        "att_2": 100,
        "sem": 50.0,
        "sem_adj": 65,
        "lab": 46.666666666666664,
        "final": 75.41666666666667
    },
    "borovic": {
        "att_1": 70,
        "att_2": 0,
        "sem": 0,
        "sem_adj": 50,
        "lab": 0.0,
        "final": 30.0
    },
    "carpov": {
        "att_1": 90,
        "att_2": 90,
        "sem": 60.0,
        "sem_adj": 100,
        "lab": 15.0,
        "final": 73.75
    },
    "corman": {
        "att_1": 90,
        "att_2": 100,
        "sem": 65.0,
        "sem_adj": 90,
        "lab": 66.66666666666667,
        "final": 86.66666666666667
    },
    "cosojihin": {
        "att_1": 0,
        "att_2": 90,
        "sem": 0,
        "sem_adj": 80,
        "lab": 0.0,
        "final": 42.5
    },
    "craciun": {
        "att_1": 80,
        "att_2": 70,
        "sem": 75.0,
        "sem_adj": 75,
        "lab": 0.0,
        "final": 56.25
    },
    "croitor": {
        "att_1": 90,
        "att_2": 80,
        "sem": 85.0,
        "sem_adj": 85,
        "lab": 30.0,
        "final": 71.25
    },
    "cusnir": {
        "att_1": 90,
        "att_2": 90,
        "sem": 75.0,
        "sem_adj": 75,
        "lab": 46.666666666666664,
        "final": 75.41666666666667
    },
    "dmitrieva": {
        "att_1": 90,
        "att_2": 90,
        "sem": 60.0,
        "sem_adj": 90,
        "lab": 63.333333333333336,
        "final": 83.33333333333334
    },
    "dragni": {
        "att_1": 80,
        "att_2": 70,
        "sem": 75.0,
        "sem_adj": 75,
        "lab": 0.0,
        "final": 56.25
    },
    "gutu": {
        "att_1": 80,
        "att_2": 80,
        "sem": 65.0,
        "sem_adj": 65,
        "lab": 48.333333333333336,
        "final": 68.33333333333333
    },
    "kizitki": {
        "att_1": 100,
        "att_2": 100,
        "sem": 77.5,
        "sem_adj": 90,
        "lab": 0.0,
        "final": 72.5
    },
    "melnic": {
        "att_1": 80,
        "att_2": 70,
        "sem": 60.0,
        "sem_adj": 70,
        "lab": 50.0,
        "final": 67.5
    },
    "olari": {
        "att_1": 90,
        "att_2": 100,
        "sem": 65.0,
        "sem_adj": 100,
        "lab": 16.666666666666668,
        "final": 76.66666666666667
    },
    "proschurchin": {
        "att_1": 90,
        "att_2": 100,
        "sem": 72.5,
        "sem_adj": 80,
        "lab": 50.0,
        "final": 80.0
    },
    "pinzaru": {
        "att_1": 90,
        "att_2": 90,
        "sem": 67.5,
        "sem_adj": 75,
        "lab": 45.0,
        "final": 75.0
    },
    "radoi": {
        "att_1": 90,
        "att_2": 70,
        "sem": 80.0,
        "sem_adj": 80,
        "lab": 31.666666666666668,
        "final": 67.91666666666667
    },
    "trifaniuc": {
        "att_1": 80,
        "att_2": 70,
        "sem": 75.0,
        "sem_adj": 75,
        "lab": 0.0,
        "final": 56.25
    },
    "vacariuc": {
        "att_1": 80,
        "att_2": 60,
        "sem": 70.0,
        "sem_adj": 70,
        "lab": 30.0,
        "final": 60.0
    },
    "voitovetchi": {
        "att_1": 90,
        "att_2": 90,
        "sem": 75.0,
        "sem_adj": 75,
        "lab": 0.0,
        "final": 63.75
    },
    "abaschin": {
        "att_1": 80,
        "att_2": 0,
        "sem": 0,
        "sem_adj": 50,
        "lab": 16.666666666666668,
        "final": 36.666666666666664
    },
    "avramov": {
        "att_1": 90,
        "att_2": 80,
        "sem": 62.5,
        "sem_adj": 70,
        "lab": 83.33333333333333,
        "final": 80.83333333333334
    },
    "bondarev": {
        "att_1": 90,
        "att_2": 60,
        "sem": 60.0,
        "sem_adj": 60,
        "lab": 31.666666666666668,
        "final": 60.41666666666667
    },
    "convisarov": {
        "att_1": 90,
        "att_2": 90,
        "sem": 82.5,
        "sem_adj": 75,
        "lab": 95.0,
        "final": 87.5
    },
    "cosciug": {
        "att_1": 80,
        "att_2": 90,
        "sem": 62.5,
        "sem_adj": 70,
        "lab": 16.666666666666668,
        "final": 64.16666666666667
    },
    "dermenji": {
        "att_1": 80,
        "att_2": 80,
        "sem": 80.0,
        "sem_adj": 80,
        "lab": 63.333333333333336,
        "final": 75.83333333333333
    },
    "dicusarenco": {
        "att_1": 0,
        "att_2": 0,
        "sem": 0,
        "sem_adj": 0,
        "lab": 0.0,
        "final": 0.0
    },
    "fridman": {
        "att_1": 70,
        "att_2": 60,
        "sem": 65.0,
        "sem_adj": 65,
        "lab": 31.666666666666668,
        "final": 56.66666666666667
    },
    "garcusa": {
        "att_1": 90,
        "att_2": 90,
        "sem": 67.5,
        "sem_adj": 75,
        "lab": 62.5,
        "final": 79.375
    },
    "jarcova": {
        "att_1": 80,
        "att_2": 90,
        "sem": 62.5,
        "sem_adj": 70,
        "lab": 30.0,
        "final": 67.5
    },
    "martefleac": {
        "att_1": 80,
        "att_2": 70,
        "sem": 60.0,
        "sem_adj": 60,
        "lab": 30.0,
        "final": 60.0
    },
    "novorojdin": {
        "att_1": 80,
        "att_2": 80,
        "sem": 65.0,
        "sem_adj": 80,
        "lab": 0.0,
        "final": 60.0
    },
    "petcoglo": {
        "att_1": 70,
        "att_2": 60,
        "sem": 65.0,
        "sem_adj": 65,
        "lab": 0.0,
        "final": 48.75
    },
    "petcova": {
        "att_1": 80,
        "att_2": 80,
        "sem": 57.5,
        "sem_adj": 65,
        "lab": 16.666666666666668,
        "final": 60.41666666666667
    },
    "podlesnova": {
        "att_1": 80,